close,high,low,open,timestamp,volume
31368.39028,32834.7644,29292.51437,32834.7644,2021-01-04T00:00:00Z,32872880446
33130.36428,35915.86766,33130.36428,35440.63324,2021-01-03T00:00:00Z,75525177565
32125.41319,32782.28678,29625.74441,29750.20035,2021-01-02T00:00:00Z,64302222520
29385.57249,29385.57249,28911.91008,28911.91008,2021-01-01T00:00:00Z,38672617259
29005.86431,29082.61697,28196.15923,28777.32078,2020-12-31T00:00:00Z,46232114550
28856.25286,28856.25286,27606.16729,27606.16729,2020-12-30T00:00:00Z,49716547776
27369.72814,27369.72814,26528.03676,27099.50363,2020-12-29T00:00:00Z,43104981986
27080.02681,27213.06858,27080.02681,27167.68228,2020-12-28T00:00:00Z,48365268288
26307.86451,27603.12743,26307.86451,27159.42757,2020-12-27T00:00:00Z,63770602152
26413.02331,26413.02331,24810.27309,24810.27309,2020-12-26T00:00:00Z,47874926694
24692.92736,24692.92736,23723.10835,23918.11376,2020-12-25T00:00:00Z,41021622302
23769.26778,23769.26778,23594.06496,23647.64843,2020-12-24T00:00:00Z,40928613618
23227.3096,23358.27869,23105.24742,23197.83864,2020-12-23T00:00:00Z,49887314705
23879.0772,23879.0772,23124.6624,23158.08624,2020-12-22T00:00:00Z,43529462774
22754.09936,23552.03366,22335.98041,23128.40955,2020-12-21T00:00:00Z,44736375299
23494.24413,23750.89035,23289.95588,23514.00171,2020-12-20T00:00:00Z,38151394087
23818.01012,23818.01012,23185.91557,23185.91557,2020-12-19T00:00:00Z,38378799920
23138.76242,23138.76242,22747.50575,22916.37149,2020-12-18T00:00:00Z,40680345250
22755.3489,23044.58974,21367.65633,21367.65633,2020-12-17T00:00:00Z,65359428771
21317.09726,21370.0136,19856.17536,19856.17536,2020-12-16T00:00:00Z,43861894965
19444.08996,19467.62371,19285.62939,19305.60055,2020-12-15T00:00:00Z,26487616557
19242.21187,19242.21187,19137.42365,19137.42365,2020-12-14T00:00:00Z,23418889909
19196.03811,19316.60341,19151.7745,19151.7745,2020-12-13T00:00:00Z,24717881882
18832.30734,18832.30734,18371.5259,18371.5259,2020-12-12T00:00:00Z,22761412659
18019.81732,18068.10442,17791.66274,18068.10442,2020-12-11T00:00:00Z,27785679211
18233.05584,18349.94342,18090.73776,18349.94342,2020-12-10T00:00:00Z,25673420029
18572.2599,18572.2599,18194.29972,18525.62878,2020-12-09T00:00:00Z,32169576005
18319.92675,18822.73948,18313.13146,18760.3993,2020-12-08T00:00:00Z,28293259133
19181.51939,19232.35705,19095.06284,19224.47033,2020-12-07T00:00:00Z,23293128121
19389.79394,19389.79394,19209.93065,19273.04683,2020-12-06T00:00:00Z,22640049261
19186.59626,19186.59626,19137.21807,19137.21807,2020-12-05T00:00:00Z,24202389084
18642.18235,18877.45116,18604.08288,18841.21756,2020-12-04T00:00:00Z,28161451952
19434.99952,19488.38748,19350.48107,19476.80996,2020-12-03T00:00:00Z,26810870361
19207.98178,19207.98178,18723.31447,18926.17513,2020-12-02T00:00:00Z,31609202041
18765.03432,19360.52576,18612.63606,19360.52576,2020-12-01T00:00:00Z,41994232956
19694.08796,19694.08796,18731.15189,18731.15189,2020-11-30T00:00:00Z,39378487252
18236.30671,18320.42461,18236.30671,18320.42461,2020-11-29T00:00:00Z,24889947831
17731.92733,17731.92733,17393.99886,17473.26759,2020-11-28T00:00:00Z,26230593518
17165.2342,17275.80036,16836.38449,17185.98468,2020-11-27T00:00:00Z,33404363093
17196.60225,18231.24033,16753.82823,18172.39005,2020-11-26T00:00:00Z,52823442868
18777.61838,18870.96826,18747.07079,18747.07079,2020-11-25T00:00:00Z,37019122943
19122.66187,19122.66187,18373.6517,18373.6517,2020-11-24T00:00:00Z,45996284674
18474.49949,19479.7834,18474.49949,19479.7834,2020-11-23T00:00:00Z,35976121017
18492.14446,18908.07782,18492.14446,18908.07782,2020-11-22T00:00:00Z,34809835880
18760.00473,19525.82582,18760.00473,19525.82582,2020-11-21T00:00:00Z,33375136854
18690.86437,18690.86437,18556.57561,18559.44506,2020-11-20T00:00:00Z,31864370433
17835.25873,17849.47125,17639.46182,17708.90645,2020-11-19T00:00:00Z,33056568801
17818.07172,18055.97431,17565.63584,17619.08972,2020-11-18T00:00:00Z,44782533997
17668.59471,17668.59471,17029.95388,17029.95388,2020-11-17T00:00:00Z,35625111503
16684.3032,16684.3032,16148.51942,16148.51942,2020-11-16T00:00:00Z,27166907076
15947.24887,15955.38416,15802.76683,15802.76683,2020-11-15T00:00:00Z,20265403220
16080.87158,16080.87158,15938.24512,16029.7804,2020-11-14T00:00:00Z,23521730081
16328.55504,16543.26811,16328.55504,16543.26811,2020-11-13T00:00:00Z,26924410268
16283.56094,16283.56094,15699.55363,15699.55363,2020-11-12T00:00:00Z,30558338400
15723.90082,15723.90082,15565.35064,15565.35064,2020-11-11T00:00:00Z,24997093613
15334.59516,15446.65918,15334.59516,15446.65918,2020-11-10T00:00:00Z,24262641276
15353.11618,15513.78667,15100.96418,15330.83347,2020-11-09T00:00:00Z,30818658913
15463.43917,15463.43917,15227.55231,15227.55231,2020-11-08T00:00:00Z,27149284906
14843.0628,15289.82823,14745.54658,15289.82823,2020-11-07T00:00:00Z,32019226499
15662.86,16298.20974,15662.86,16298.20974,2020-11-06T00:00:00Z,38990156189
15515.79155,15515.79155,14403.1354,14403.1354,2020-11-05T00:00:00Z,39891455895
14212.06071,14273.21053,14073.35645,14273.21053,2020-11-04T00:00:00Z,27224505358
13992.53132,13992.53132,13637.82178,13637.82178,2020-11-03T00:00:00Z,24095781375
13559.59723,13569.12602,13457.16825,13569.12602,2020-11-02T00:00:00Z,23079138165
13824.01624,14029.93852,13824.01624,14029.93852,2020-11-01T00:00:00Z,20096684374
13797.63936,13838.09165,13642.05684,13642.05684,2020-10-31T00:00:00Z,22966324814
13576.46161,13576.46161,13338.61433,13338.61433,2020-10-30T00:00:00Z,27031601719
13463.50521,13463.50521,13247.39317,13267.1171,2020-10-29T00:00:00Z,23952787254
13291.04036,13483.09361,13175.06376,13426.99992,2020-10-28T00:00:00Z,27311777383
13651.87903,13651.87903,13204.85128,13204.85128,2020-10-27T00:00:00Z,25835075025
13068.49683,13068.49683,12808.28119,12808.28119,2020-10-26T00:00:00Z,21422160110
13027.84165,13048.92867,12986.27404,12997.43756,2020-10-25T00:00:00Z,19288444379
13110.93236,13110.93236,12980.18115,12980.18115,2020-10-24T00:00:00Z,18832508379
12917.17858,12917.17858,12859.42973,12890.40328,2020-10-23T00:00:00Z,21424265074
12979.44686,13175.73816,12979.44686,13175.73816,2020-10-22T00:00:00Z,27037045652
12788.12141,12934.24159,12222.12004,12222.12004,2020-10-21T00:00:00Z,33077094891
11909.39189,11909.39189,11557.54165,11557.54165,2020-10-20T00:00:00Z,23697416879
11747.71759,11747.71759,11539.26501,11539.26501,2020-10-19T00:00:00Z,17933857540
11525.70516,11614.58583,11525.70516,11596.31451,2020-10-18T00:00:00Z,14164980980
11371.06056,11401.01863,11371.06056,11388.75632,2020-10-17T00:00:00Z,14602442358
11322.77504,11322.77504,11271.16617,11271.16617,2020-10-16T00:00:00Z,20520084843
11512.81432,11512.81432,11413.87075,11413.87075,2020-10-15T00:00:00Z,20225045846
11431.78512,11431.78512,11396.50673,11396.50673,2020-10-14T00:00:00Z,20353071825
11449.94439,11460.46131,11449.94439,11460.46131,2020-10-13T00:00:00Z,20553540146
11549.89724,11589.45915,11549.89724,11589.45915,2020-10-12T00:00:00Z,21355364868
11384.73082,11409.48357,11381.31564,11381.31564,2020-10-11T00:00:00Z,15351849954
11299.26481,11299.26481,11162.00182,11162.00182,2020-10-10T00:00:00Z,18917523092
11060.3666,11199.49693,11060.3666,11199.49693,2020-10-09T00:00:00Z,18750077406
10934.14116,10934.14116,10827.01969,10827.01969,2020-10-08T00:00:00Z,19350693482
10675.85357,10736.08128,10609.04609,10609.04609,2020-10-07T00:00:00Z,15980361907
10608.96305,10620.11501,10569.31355,10569.31355,2020-10-06T00:00:00Z,17956199678
10789.32257,10789.32257,10704.94432,10704.94432,2020-10-05T00:00:00Z,16036995473
10689.78776,10730.43752,10689.68514,10689.68514,2020-10-04T00:00:00Z,14252211088
10555.94377,10596.41751,10555.94377,10594.2667,2020-10-03T00:00:00Z,13918176520
10584.90883,10587.98716,10492.05008,10492.05008,2020-10-02T00:00:00Z,20831231747
10620.33365,10691.53476,10577.66688,10689.46988,2020-10-01T00:00:00Z,20193267987
10787.89525,10848.0071,10787.89525,10848.0071,2020-09-30T00:00:00Z,17368045904
10841.14813,10841.14813,10794.06285,10794.06285,2020-09-29T00:00:00Z,17846291621
10682.22584,10738.7406,10682.22584,10714.19862,2020-09-28T00:00:00Z,19714161748
10779.16542,10830.60346,10779.16542,10813.9859,2020-09-27T00:00:00Z,16821363925
10739.19529,10842.65396,10739.19529,10751.81632,2020-09-26T00:00:00Z,15707221968
10708.30197,10877.16834,10708.30197,10792.4755,2020-09-25T00:00:00Z,18880178881
10732.28485,10860.64001,10732.28485,10774.41604,2020-09-24T00:00:00Z,21295476908
10223.44774,10257.33203,10101.53097,10101.53097,2020-09-23T00:00:00Z,19503343639
10551.58853,10576.83902,10516.7693,10516.7693,2020-09-22T00:00:00Z,20121562677
10434.89933,10529.61729,10324.17549,10324.17549,2020-09-21T00:00:00Z,25376914179
10924.95097,10946.2539,10751.11295,10751.11295,2020-09-20T00:00:00Z,22649481335
11095.82131,11136.10614,10970.81571,10970.81571,2020-09-19T00:00:00Z,19893828929
10952.66482,11045.99218,10851.15315,10851.15315,2020-09-18T00:00:00Z,22679044928
10953.38527,11554.23091,10953.38527,11552.11564,2020-09-17T00:00:00Z,26758619933
10945.54931,10945.54931,10808.264,10808.264,2020-09-16T00:00:00Z,27666726745
10791.4462,10793.62079,10398.9379,10398.9379,2020-09-15T00:00:00Z,26334900307
10670.50189,10745.43971,10580.95893,10580.95893,2020-09-14T00:00:00Z,25874492535
10345.1763,10521.21547,10001.98726,10001.98726,2020-09-13T00:00:00Z,22246321514
10473.32042,10871.25185,10473.32042,10730.69771,2020-09-12T00:00:00Z,21108571317
10397.20031,10639.43337,10397.20031,10485.38578,2020-09-11T00:00:00Z,22824434313
10355.29892,10625.44144,10355.29892,10615.39471,2020-09-10T00:00:00Z,26214936817
10233.34466,10481.68765,10233.34466,10443.30482,2020-09-09T00:00:00Z,22537449899
10136.29611,10136.29611,10063.40551,10063.40551,2020-09-08T00:00:00Z,29466989342
10385.56351,10598.69497,10294.84523,10294.84523,2020-09-07T00:00:00Z,30452051220
10289.88573,11043.74402,10289.88573,10594.14869,2020-09-06T00:00:00Z,33621131196
10154.6233,10492.17743,9484.797039,9484.797039,2020-09-05T00:00:00Z,39848202081
10489.8349,10489.8349,10229.97583,10229.97583,2020-09-04T00:00:00Z,30147387759
10203.48812,10734.17596,10203.48812,10734.17596,2020-09-03T00:00:00Z,30083564988
11443.20474,11541.61762,11406.61545,11406.61545,2020-09-02T00:00:00Z,27950151962
11935.54507,12433.34632,11935.54507,12418.75694,2020-09-01T00:00:00Z,27596314689
11655.81177,11917.28771,11655.81177,11853.1291,2020-08-31T00:00:00Z,21541727450
11759.1647,12107.6789,11759.1647,12088.72935,2020-08-30T00:00:00Z,20353228776
11466.13318,11604.59934,11466.13318,11597.46747,2020-08-29T00:00:00Z,18208116999
11514.91539,11557.63097,11514.91539,11529.89687,2020-08-28T00:00:00Z,20024095482
11336.15362,11419.29581,11328.49386,11419.29581,2020-08-27T00:00:00Z,23752012207
11450.21941,11450.21941,11384.59534,11384.59534,2020-08-26T00:00:00Z,23207711702
11336.06715,11421.5548,11336.06715,11421.5548,2020-08-25T00:00:00Z,25785928779
11779.24339,12125.91389,11779.24339,11969.7306,2020-08-24T00:00:00Z,20898824462
11646.01284,11685.9942,11588.7179,11588.7179,2020-08-23T00:00:00Z,18632600337
11690.36401,12786.34514,11649.47414,11649.47414,2020-08-22T00:00:00Z,21347853126
11528.27207,11720.21777,11451.30744,11451.30744,2020-08-21T00:00:00Z,24879944507
11866.76713,11971.08595,11866.76713,11895.72454,2020-08-20T00:00:00Z,21539668027
11781.14421,11799.67196,11774.61692,11774.61692,2020-08-19T00:00:00Z,25178931480
11943.20005,12158.8463,11943.20005,12158.8463,2020-08-18T00:00:00Z,26641398476
12263.72868,12263.72868,11878.25158,11878.25158,2020-08-17T00:00:00Z,29629115410
11922.62315,12146.02358,11853.27334,11853.27334,2020-08-16T00:00:00Z,21643767642
11842.59215,11941.22239,11679.28948,11679.28948,2020-08-15T00:00:00Z,23724426429
11747.97947,12189.58511,11747.97947,12125.45654,2020-08-14T00:00:00Z,25651923230
11803.47988,12443.24977,11803.47988,12227.36458,2020-08-13T00:00:00Z,28796910799
11490.55578,11581.9911,11490.55578,11546.32232,2020-08-12T00:00:00Z,26789032768
11406.06792,11666.08415,11354.27219,11666.08415,2020-08-11T00:00:00Z,28297106595
11899.11387,11919.20371,11764.2121,11764.2121,2020-08-10T00:00:00Z,28216268829
11681.90286,11708.84826,11644.00969,11644.00969,2020-08-09T00:00:00Z,20290446283
11813.27557,12008.53474,11813.27557,11933.89366,2020-08-08T00:00:00Z,20455272493
11610.61567,11625.17414,11554.14762,11554.14762,2020-08-07T00:00:00Z,25421390650
11772.46871,11772.46871,11674.6446,11674.6446,2020-08-06T00:00:00Z,24953187836
11755.5028,11755.5028,11375.14965,11375.14965,2020-08-05T00:00:00Z,26254070889
11199.47859,11291.72584,11199.47859,11291.72584,2020-08-04T00:00:00Z,23274749700
11229.49444,11364.8012,11229.49444,11364.8012,2020-08-03T00:00:00Z,23259139538
11075.72534,11644.40529,11075.72534,11644.40529,2020-08-02T00:00:00Z,32771202919
11883.37815,12077.03642,11883.37815,12074.45822,2020-08-01T00:00:00Z,31412819316
11387.91073,11392.71086,11373.68681,11392.71086,2020-07-31T00:00:00Z,25371742686
11160.93006,11418.88212,11160.93006,11418.88212,2020-07-30T00:00:00Z,23875472128
11100.02398,11118.11924,10958.17296,10958.17296,2020-07-29T00:00:00Z,27518127265
10949.68455,11000.56603,10837.1082,10914.60068,2020-07-28T00:00:00Z,33797512684
10976.26985,10976.26985,10070.79097,10070.79097,2020-07-27T00:00:00Z,40942335618
9947.108642,10033.66984,9893.965752,9893.965752,2020-07-26T00:00:00Z,23506949466
9788.637594,10200.00295,9788.637594,10186.26324,2020-07-25T00:00:00Z,18566572599
9551.182316,9741.71701,9551.182316,9717.903774,2020-07-24T00:00:00Z,17258336987
9628.236899,9836.95062,9628.236899,9829.180993,2020-07-23T00:00:00Z,19139527934
9594.712463,9824.817964,9594.712463,9824.817964,2020-07-22T00:00:00Z,17444942060
9418.928523,9435.966002,9362.729495,9362.729495,2020-07-21T00:00:00Z,18778267641
9201.80483,9240.298876,9195.040369,9195.040369,2020-07-20T00:00:00Z,15410033334
9277.76955,9367.888556,9277.76955,9325.641422,2020-07-19T00:00:00Z,13070803072
9231.067808,9289.987477,9231.067808,9289.987477,2020-07-18T00:00:00Z,12731238828
9194.826442,9194.826442,9160.961323,9160.961323,2020-07-17T00:00:00Z,13776526291
9172.88414,9176.120341,9129.298437,9129.298437,2020-07-16T00:00:00Z,16386743867
9233.659421,9246.390229,9233.659421,9246.390229,2020-07-15T00:00:00Z,15901839119
9281.48215,9291.027877,9281.48215,9291.027877,2020-07-14T00:00:00Z,17168537638
9265.186374,9291.321711,9265.186374,9279.504884,2020-07-13T00:00:00Z,17696744528
9355.686287,9387.187844,9355.686287,9361.375511,2020-07-12T00:00:00Z,15517307834
9290.977849,9302.263575,9288.235962,9288.235962,2020-07-11T00:00:00Z,13970082775
9325.078105,9325.078105,9262.258958,9262.258958,2020-07-10T00:00:00Z,16299290371
9284.279322,9371.508985,9284.279322,9371.508985,2020-07-09T00:00:00Z,18930145540
9464.382839,9478.182807,9464.382839,9465.54182,2020-07-08T00:00:00Z,21432598955
9309.543927,9392.716604,9309.543927,9343.556275,2020-07-07T00:00:00Z,17927702993
9382.576868,9450.943237,9382.576868,9442.355728,2020-07-06T00:00:00Z,21533254234
9155.418205,9162.937947,9153.417434,9162.937947,2020-07-05T00:00:00Z,16492121716
9201.703694,9237.023994,9201.703694,9229.733784,2020-07-04T00:00:00Z,15553610496
9107.18579,9113.768429,9100.016534,9100.016534,2020-07-03T00:00:00Z,16547765098
9118.192137,9183.917988,9086.284911,9183.917988,2020-07-02T00:00:00Z,19518756162
9282.870333,9320.12404,9282.870333,9303.989193,2020-07-01T00:00:00Z,19146781842
9184.256116,9207.05965,9184.256116,9189.733614,2020-06-30T00:00:00Z,19119917405
9228.623108,9228.623108,9213.561222,9213.561222,2020-06-29T00:00:00Z,20192313315
9163.896774,9191.153529,9138.786361,9138.786361,2020-06-28T00:00:00Z,18139827539
9020.580732,9020.580732,8983.116985,8983.116985,2020-06-27T00:00:00Z,21141767992
9191.218397,9202.484536,9154.468491,9201.44174,2020-06-26T00:00:00Z,22797050496
9269.18873,9294.285971,9177.686773,9294.285971,2020-06-25T00:00:00Z,23858896362
9333.706419,9461.168737,9333.706419,9461.168737,2020-06-24T00:00:00Z,24149550778
9658.643904,9697.532131,9658.643904,9681.119321,2020-06-23T00:00:00Z,22639791099
9663.323189,9729.64828,9663.323189,9665.892732,2020-06-22T00:00:00Z,25162282637
9318.858762,9365.343691,9318.858762,9365.343691,2020-06-21T00:00:00Z,19497471618
9389.950343,9389.950343,9338.83439,9338.83439,2020-06-20T00:00:00Z,21073253190
9343.482437,9366.754403,9343.482437,9354.241318,2020-06-19T00:00:00Z,23838459458
9426.298027,9437.710349,9426.298027,9433.463907,2020-06-18T00:00:00Z,22465665916
9493.273651,9518.412185,9444.447142,9518.412185,2020-06-17T00:00:00Z,24688946043
9566.241137,9608.257578,9566.241137,9586.576879,2020-06-16T00:00:00Z,26648352189
9442.13432,9442.13432,9228.084631,9323.940341,2020-06-15T00:00:00Z,32645892736
9360.764408,9360.764408,9322.618823,9322.618823,2020-06-14T00:00:00Z,21667951329
9520.777153,9528.840989,9520.777153,9524.269297,2020-06-13T00:00:00Z,22390826543
9496.936561,9520.512529,9462.301285,9462.301285,2020-06-12T00:00:00Z,28219597781
9288.677632,9624.495203,9228.626943,9609.366663,2020-06-11T00:00:00Z,34949939415
9914.160926,9934.893832,9884.038134,9884.038134,2020-06-10T00:00:00Z,27940202661
9793.164399,9793.164399,9740.592081,9769.102998,2020-06-09T00:00:00Z,25478063518
9830.926316,9859.23098,9830.926316,9843.01853,2020-06-08T00:00:00Z,23222105514
9781.884429,9781.884429,9715.506825,9750.995483,2020-06-07T00:00:00Z,26031053042
9702.978837,9722.713957,9702.978837,9719.023301,2020-06-06T00:00:00Z,22425158359
9654.294717,9741.860938,9654.294717,9741.860938,2020-06-05T00:00:00Z,25964529767
9792.146174,9792.146174,9670.024307,9670.024307,2020-06-04T00:00:00Z,27677233195
9704.131612,9735.451136,9704.131612,9735.451136,2020-06-03T00:00:00Z,28498508154
9550.641446,10005.38914,9507.371944,10005.38914,2020-06-02T00:00:00Z,42460436801
10168.35452,10168.35452,9759.494003,9759.494003,2020-06-01T00:00:00Z,36964873895
9449.550775,9449.550775,9425.22741,9425.22741,2020-05-31T00:00:00Z,29848225434
9723.006969,10045.34643,9723.006969,10045.34643,2020-05-30T00:00:00Z,33387508507
9435.541408,9627.041486,9435.541408,9627.041486,2020-05-29T00:00:00Z,34357912102
9595.009453,9608.486482,9451.405431,9451.405431,2020-05-28T00:00:00Z,36522281426
9227.054099,9227.054099,9022.476169,9022.476169,2020-05-27T00:00:00Z,33194411948
8857.891112,8857.891112,8816.292105,8825.935634,2020-05-26T00:00:00Z,30722782636
8904.427164,8904.427164,8843.422501,8860.160288,2020-05-25T00:00:00Z,34560126397
8754.26255,9022.82141,8754.26255,9022.82141,2020-05-24T00:00:00Z,34010466033
9198.322385,9230.872918,9198.322385,9230.872918,2020-05-23T00:00:00Z,30167202383
9228.318401,9300.390602,9228.318401,9300.390602,2020-05-22T00:00:00Z,34213804602
9073.70764,9325.156951,8957.254142,9319.553858,2020-05-21T00:00:00Z,42733743847
9523.477772,9692.354614,9483.201572,9692.354614,2020-05-20T00:00:00Z,39751977770
9792.754443,9798.440606,9671.394857,9760.236923,2020-05-19T00:00:00Z,42289263154
9744.296188,9880.586776,9744.296188,9880.586776,2020-05-18T00:00:00Z,43553778065
9693.879704,9749.245527,9545.48449,9545.48449,2020-05-17T00:00:00Z,41585364796
9397.307114,9526.925908,9397.307114,9499.003316,2020-05-16T00:00:00Z,37134089366
9317.061019,9622.352021,9273.742312,9622.352021,2020-05-15T00:00:00Z,49287947689
9794.464928,9794.464928,9375.009273,9375.009273,2020-05-14T00:00:00Z,58175800815
9313.049489,9314.032616,9035.53325,9035.53325,2020-05-13T00:00:00Z,47414676388
8829.176894,8852.839112,8717.140049,8717.140049,2020-05-12T00:00:00Z,45993934138
8620.123427,8966.706355,8448.630081,8706.030358,2020-05-11T00:00:00Z,63228493191
8746.052632,9191.196215,8403.755532,9191.196215,2020-05-10T00:00:00Z,68826542905
9587.730179,9839.750112,9587.730179,9839.750112,2020-05-09T00:00:00Z,48119980167
9851.069309,9932.849672,9851.069309,9932.849672,2020-05-08T00:00:00Z,58288383718
9966.001264,9966.001264,9381.740222,9381.740222,2020-05-07T00:00:00Z,67258356448
9137.291042,9137.291042,8902.250576,8902.250576,2020-05-06T00:00:00Z,52327264381
9031.876249,9031.876249,8876.31888,8876.31888,2020-05-05T00:00:00Z,47875170894
8906.220797,8906.220797,8851.221069,8851.221069,2020-05-04T00:00:00Z,48870509676
8935.532487,8978.857379,8900.099037,8920.188912,2020-05-03T00:00:00Z,50837955375
9014.905531,9014.905531,8912.97167,8912.97167,2020-05-02T00:00:00Z,41984033512
8841.987937,8896.328788,8784.97373,8784.97373,2020-05-01T00:00:00Z,49471332291
8645.671899,9011.036732,8543.78389,8619.784409,2020-04-30T00:00:00Z,74957950102
8757.738139,8757.738139,8038.425948,8038.425948,2020-04-29T00:00:00Z,61883950039
7782.918644,7824.837024,7782.918644,7824.837024,2020-04-28T00:00:00Z,36480703923
7818.425404,7818.425404,7700.830857,7700.830857,2020-04-27T00:00:00Z,39549449719
7717.715835,7717.715835,7656.85397,7656.85397,2020-04-26T00:00:00Z,36855736271
7566.142958,7729.079075,7566.142958,7717.633531,2020-04-25T00:00:00Z,35312695075
7514.467376,7530.573094,7514.467376,7522.259836,2020-04-24T00:00:00Z,37282120720
7473.44985,7473.44985,7190.122142,7190.122142,2020-04-23T00:00:00Z,45804571354
7144.894424,7187.830847,7144.894424,7184.011704,2020-04-22T00:00:00Z,35413601841
6879.497938,6883.739233,6847.992289,6847.992289,2020-04-21T00:00:00Z,33559537387
6841.165943,6907.501163,6841.165943,6907.501163,2020-04-20T00:00:00Z,39409378469
7157.513862,7212.961046,7082.322811,7082.322811,2020-04-19T00:00:00Z,32822966820
7288.816761,7580.46278,7288.816761,7572.883537,2020-04-18T00:00:00Z,34106341723
7057.692482,7136.41409,7057.692482,7067.917183,2020-04-17T00:00:00Z,33835147650
7106.585753,7106.585753,7071.167072,7094.41922,2020-04-16T00:00:00Z,50160664984
6647.08099,6741.338701,6647.08099,6741.338701,2020-04-15T00:00:00Z,34152041561
6886.049164,6931.043035,6886.049164,6931.043035,2020-04-14T00:00:00Z,35456605806
6876.841186,6876.841186,6794.813659,6870.941762,2020-04-13T00:00:00Z,40674351264
6930.74859,6999.561971,6915.535867,6915.535867,2020-04-12T00:00:00Z,35902222635
6921.231291,6965.192431,6921.231291,6940.878967,2020-04-11T00:00:00Z,32699183017
6901.985081,7009.90042,6901.985081,7009.90042,2020-04-10T00:00:00Z,44565586957
7302.945645,7305.156519,7271.034586,7305.156519,2020-04-09T00:00:00Z,37146117955
7392.847308,7436.2046,7392.847308,7415.213093,2020-04-08T00:00:00Z,41766201202
7175.804282,7208.938246,7175.804282,7208.938246,2020-04-07T00:00:00Z,48065265631
7373.194868,7546.840017,7373.194868,7529.424918,2020-04-06T00:00:00Z,52589773498
6795.963883,6836.683525,6795.963883,6836.683525,2020-04-05T00:00:00Z,32041175037
6876.872648,6890.861378,6835.707673,6835.707673,2020-04-04T00:00:00Z,36022605774
6755.010057,6876.151477,6755.010057,6831.083806,2020-04-03T00:00:00Z,45350647058
6825.991842,7011.531218,6746.718939,6769.15203,2020-04-02T00:00:00Z,51567805524
6660.848728,6660.848728,6474.258287,6532.811655,2020-04-01T00:00:00Z,41213535115
6449.00333,6482.638456,6443.425213,6443.425213,2020-03-31T00:00:00Z,34371640820
6425.777459,6435.183301,6097.068786,6097.068786,2020-03-30T00:00:00Z,39501518325
5908.077937,6100.106712,5908.077937,6100.106712,2020-03-29T00:00:00Z,28928537030
6284.506191,6390.434435,6259.591895,6390.434435,2020-03-28T00:00:00Z,36242971577
6390.43535,6574.152229,6390.43535,6574.152229,2020-03-27T00:00:00Z,35660962807
6758.979082,6773.347996,6741.710435,6773.347996,2020-03-26T00:00:00Z,37555734819
6693.196774,6738.958358,6597.002714,6708.879135,2020-03-25T00:00:00Z,45598217753
6753.92934,6753.92934,6547.53249,6547.53249,2020-03-24T00:00:00Z,50109782261
6499.105449,6529.552943,6112.354491,6112.407317,2020-03-23T00:00:00Z,49670724279
5840.761659,6029.869308,5840.761659,5949.87794,2020-03-22T00:00:00Z,40178738670
6211.221644,6299.103739,6148.288053,6204.90753,2020-03-21T00:00:00Z,44829488401
6205.944424,6465.64156,6029.397176,6130.82461,2020-03-20T00:00:00Z,55416248851
6241.590605,6324.838409,5796.848404,5831.937765,2020-03-19T00:00:00Z,55489037818
5446.154338,5446.154338,5308.269014,5414.505103,2020-03-18T00:00:00Z,43338259003
5378.092639,5397.488902,5185.399726,5185.399726,2020-03-17T00:00:00Z,40925496446
5062.211487,5129.082984,4791.033733,5129.082984,2020-03-16T00:00:00Z,48087402223
5382.24314,5547.607064,5237.717526,5237.717526,2020-03-15T00:00:00Z,39239838261
5232.753881,5357.062402,5232.753881,5357.062402,2020-03-14T00:00:00Z,44969826785
5695.724804,5711.535064,5167.432469,5509.156192,2020-03-13T00:00:00Z,85246563655
4906.81238,6425.076737,4906.81238,6419.336976,2020-03-12T00:00:00Z,54192741503
7965.791815,7999.942877,7762.293632,7762.293632,2020-03-11T00:00:00Z,40159260284
7938.75944,7970.977947,7926.381794,7926.381794,2020-03-10T00:00:00Z,41810939697
7994.94609,8106.754543,7994.94609,8106.754543,2020-03-09T00:00:00Z,51572581262
8000.318905,8071.397488,7882.937627,7882.937627,2020-03-08T00:00:00Z,41096832565
8885.630808,9032.480553,8885.630808,9026.771039,2020-03-07T00:00:00Z,36531986749
9284.627105,9719.123154,9284.627105,9648.177859,2020-03-06T00:00:00Z,45492512071
9060.317356,9060.317356,8922.734443,8922.734443,2020-03-05T00:00:00Z,42209190629
8826.317397,8889.266876,8822.151942,8822.151942,2020-03-04T00:00:00Z,42912605833
8770.382038,8787.989389,8696.549176,8696.549176,2020-03-03T00:00:00Z,72252909051
8960.713647,9084.092319,8960.713647,8997.796117,2020-03-02T00:00:00Z,63862454312
8504.587198,8600.729491,8482.250439,8482.250439,2020-03-01T00:00:00Z,37056607372
8502.342293,8537.120273,8416.01862,8416.01862,2020-02-29T00:00:00Z,38513796241
8713.808003,8867.677111,8713.808003,8786.345833,2020-02-28T00:00:00Z,46309887269
8785.075402,9079.301661,8785.075402,8925.425878,2020-02-27T00:00:00Z,49560062300
8820.015933,8906.735937,8693.23268,8693.23268,2020-02-26T00:00:00Z,51692908880
9298.814752,9303.086229,9128.104864,9128.104864,2020-02-25T00:00:00Z,45011800564
9668.898117,9735.756219,9668.898117,9735.756219,2020-02-24T00:00:00Z,45294726549
10018.66628,10134.70749,10018.66628,10093.08918,2020-02-23T00:00:00Z,40629754392
9696.027328,9771.27285,9626.611189,9626.611189,2020-02-22T00:00:00Z,32484889418
9738.050195,9985.102689,9738.050195,9879.910127,2020-02-21T00:00:00Z,39381890480
9660.560817,9864.283971,9547.00267,9547.00267,2020-02-20T00:00:00Z,47221385656
9591.088147,9591.088147,9572.118465,9584.608646,2020-02-19T00:00:00Z,45713789700
10183.14403,10359.17169,10183.14403,10232.44081,2020-02-18T00:00:00Z,50979660162
9792.454647,10522.73433,9792.454647,10163.72454,2020-02-17T00:00:00Z,50445985308
9908.694513,10284.47683,9723.446612,9723.446612,2020-02-16T00:00:00Z,44530428964
9865.345798,9938.107951,9827.392973,9827.392973,2020-02-15T00:00:00Z,44396958650
10434.82087,10898.62586,10434.82087,10749.02528,2020-02-14T00:00:00Z,45218036174
10221.9356,10571.09739,10221.9356,10507.44817,2020-02-13T00:00:00Z,52285109387
10433.77624,11289.81104,10433.77624,11270.92068,2020-02-12T00:00:00Z,45554713820
10305.15397,10305.15397,10250.61392,10250.61392,2020-02-11T00:00:00Z,39100941077
9868.763491,10022.53818,9868.763491,10022.53818,2020-02-10T00:00:00Z,39067592432
10175.4179,10175.4179,10013.66081,10013.66081,2020-02-09T00:00:00Z,37514468659
9842.312936,10018.59702,9832.034998,9832.034998,2020-02-08T00:00:00Z,34322540154
9840.967369,10182.46223,9840.967369,10157.97615,2020-02-07T00:00:00Z,36477997527
9770.881765,9942.135589,9770.881765,9928.261259,2020-02-06T00:00:00Z,39924251773
9634.18212,9647.563051,9629.11485,9629.11485,2020-02-05T00:00:00Z,36014335825
9200.539284,9287.349874,9200.539284,9287.349874,2020-02-04T00:00:00Z,31084766099
9327.248396,9402.105755,9327.248396,9369.886039,2020-02-03T00:00:00Z,32331883437
9322.847841,9599.613769,9322.847841,9599.613769,2020-02-02T00:00:00Z,32933753375
9414.228645,9522.408006,9414.228645,9505.966476,2020-02-01T00:00:00Z,27701504697
9337.993804,9408.169108,9337.993804,9408.169108,2020-01-31T00:00:00Z,32985155085
9542.749953,9618.759294,9542.749953,9613.542757,2020-01-30T00:00:00Z,33292487646
9282.931033,9283.192976,9277.20263,9283.192976,2020-01-29T00:00:00Z,32520401786
9360.609443,9360.609443,9047.502353,9050.69425,2020-01-28T00:00:00Z,37864281654
8887.193859,8887.193859,8701.498898,8701.498898,2020-01-27T00:00:00Z,30237575888
8637.59222,8637.59222,8616.089109,8616.089109,2020-01-26T00:00:00Z,21648627323
8367.077001,8427.78342,8367.077001,8399.161418,2020-01-25T00:00:00Z,20484274555
8470.876278,8510.873462,8400.074978,8400.074978,2020-01-24T00:00:00Z,25222297120
8408.892254,8541.64131,8408.892254,8541.64131,2020-01-23T00:00:00Z,26984769225
8688.762381,8725.943478,8688.34741,8688.34741,2020-01-22T00:00:00Z,25102634037
8748.071859,8756.358084,8740.937134,8756.358084,2020-01-21T00:00:00Z,25719709540
8664.772109,8745.659912,8664.772109,8728.270439,2020-01-20T00:00:00Z,29155182795
8716.351043,8733.723498,8663.331746,8663.331746,2020-01-19T00:00:00Z,39385514327
8876.529405,9192.937872,8876.529405,9089.56749,2020-01-18T00:00:00Z,35621604450
8903.76523,8944.226337,8903.76523,8925.784928,2020-01-17T00:00:00Z,40308831459
8751.008633,8809.379548,8751.008633,8785.976207,2020-01-16T00:00:00Z,35953489325
8844.192983,8960.935492,8844.192983,8957.110539,2020-01-15T00:00:00Z,46283507974
8867.649422,8896.459486,8797.844899,8797.844899,2020-01-14T00:00:00Z,46850776937
8143.698438,8160.541938,8112.019325,8112.019325,2020-01-13T00:00:00Z,26535755627
8227.670819,8253.286912,8223.391308,8223.391308,2020-01-12T00:00:00Z,26478086150
8053.56665,8129.290271,8053.56665,8129.290271,2020-01-11T00:00:00Z,30713703767
8203.559753,8203.559753,8049.100789,8070.709779,2020-01-10T00:00:00Z,32503034107
7855.562163,8016.09117,7855.562163,8016.09117,2020-01-09T00:00:00Z,29292354460
8101.841538,8200.316059,8054.403155,8054.403155,2020-01-08T00:00:00Z,36942958895
8138.543013,8138.543013,7741.551499,7741.551499,2020-01-07T00:00:00Z,32114808281
7768.608009,7768.608009,7665.018112,7665.018112,2020-01-06T00:00:00Z,25086932713
7378.575438,7444.0923,7378.575438,7424.273714,2020-01-05T00:00:00Z,20029361561
7388.589251,7405.076434,7388.589251,7390.938243,2020-01-04T00:00:00Z,19680767448
7371.047881,7371.047881,7237.947791,7237.947791,2020-01-03T00:00:00Z,28423893265
6993.513608,7068.746477,6993.513608,7068.746477,2020-01-02T00:00:00Z,18405303084
7206.722254,7316.738191,7206.722254,7260.080879,2020-01-01T00:00:00Z,16641585282
7179.334932,7219.619419,7168.609794,7168.609794,2019-12-31T00:00:00Z,18417333884
7270.861543,7327.265324,7270.861543,7320.92197,2019-12-30T00:00:00Z,21124629573
7443.617198,7619.74453,7443.617198,7614.474484,2019-12-29T00:00:00Z,21479566056
7347.09078,7376.201412,7347.09078,7359.136454,2019-12-28T00:00:00Z,20140956233
7270.391547,7270.391547,7253.684912,7253.684912,2019-12-27T00:00:00Z,24239355935
7227.643833,7258.918033,7227.643833,7251.110794,2019-12-26T00:00:00Z,20335281549
7226.754945,7251.770207,7166.669191,7166.669191,2019-12-25T00:00:00Z,20878514003
7292.561473,7341.039497,7292.561473,7335.307237,2019-12-24T00:00:00Z,25588354643
7337.765003,7385.154649,7337.765003,7343.866651,2019-12-23T00:00:00Z,26362054858
7498.662729,7498.662729,7371.121424,7371.121424,2019-12-22T00:00:00Z,20253282137
7175.989724,7199.850724,7175.989724,7180.080543,2019-12-21T00:00:00Z,17764286495
7228.393097,7229.516555,7197.164558,7197.164558,2019-12-20T00:00:00Z,21605886337
7188.922786,7242.993055,7053.502133,7053.502133,2019-12-19T00:00:00Z,28414201094
7254.649983,7254.649983,6938.661079,6938.661079,2019-12-18T00:00:00Z,32895703004
6592.886938,6612.879058,6454.939226,6454.939226,2019-12-17T00:00:00Z,24623932894
6862.634454,6903.473499,6821.751635,6821.751635,2019-12-16T00:00:00Z,19278311620
7138.34252,7157.480497,7119.597042,7119.597042,2019-12-15T00:00:00Z,16381403403
7101.289088,7175.854756,7101.289088,7175.854756,2019-12-14T00:00:00Z,17214928664
7289.312861,7301.973624,7234.93161,7234.93161,2019-12-13T00:00:00Z,16412166135
7218.079696,7305.390718,7218.079696,7274.700591,2019-12-12T00:00:00Z,18777862072
7230.091702,7241.24411,7178.792672,7178.792672,2019-12-11T00:00:00Z,16662917769
7262.756827,7316.829759,7262.756827,7316.829759,2019-12-10T00:00:00Z,19371943241
7376.059449,7461.733638,7376.059449,7447.253374,2019-12-09T00:00:00Z,18275633405
7561.145955,7647.943879,7561.145955,7647.943879,2019-12-08T00:00:00Z,16125783458
7529.096803,7579.037503,7502.767448,7502.767448,2019-12-07T00:00:00Z,16810460922
7556.886904,7556.886904,7445.960462,7445.960462,2019-12-06T00:00:00Z,18862630590
7416.435199,7416.435199,7327.843537,7327.843537,2019-12-05T00:00:00Z,20079029915
7229.129779,7461.389607,7229.129779,7270.330321,2019-12-04T00:00:00Z,21632067147
7332.895246,7336.626406,7294.635062,7294.635062,2019-12-03T00:00:00Z,15609304513
7341.110532,7353.612894,7323.659395,7353.612894,2019-12-02T00:00:00Z,17673234408
7422.907367,7558.667581,7422.907367,7558.667581,2019-12-01T00:00:00Z,20268470543
7590.141466,7667.840304,7590.141466,7667.840304,2019-11-30T00:00:00Z,18765717803
7766.922977,7766.922977,7578.450616,7578.450616,2019-11-29T00:00:00Z,21317843717
7463.024084,7506.291812,7454.384148,7454.384148,2019-11-28T00:00:00Z,20392264658
7512.097724,7512.097724,7227.138935,7314.462595,2019-11-27T00:00:00Z,25193631901
7201.032212,7207.440903,7195.096361,7195.096361,2019-11-26T00:00:00Z,22591912641
7131.078352,7131.078352,6966.644565,7076.94045,2019-11-25T00:00:00Z,30163406360
6928.064208,6967.94149,6926.156914,6967.94149,2019-11-24T00:00:00Z,19786653681
7341.934747,7409.852933,7341.934747,7375.500772,2019-11-23T00:00:00Z,23003348257
7298.986621,7360.503145,7173.184429,7338.250732,2019-11-22T00:00:00Z,33323920156
7654.243895,7732.359533,7627.350393,7732.359533,2019-11-21T00:00:00Z,21754423841
8114.719119,8150.572776,8114.719119,8119.284604,2019-11-20T00:00:00Z,17898998439
8163.742981,8188.946747,8163.167953,8163.167953,2019-11-19T00:00:00Z,21640594783
8225.782877,8357.100433,8225.782877,8357.100433,2019-11-18T00:00:00Z,21342988092
8549.239775,8607.187614,8549.239775,8582.378736,2019-11-17T00:00:00Z,18491099617
8532.156201,8644.579115,8532.156201,8614.220335,2019-11-16T00:00:00Z,18417743164
8492.336291,8554.290063,8492.336291,8504.679683,2019-11-15T00:00:00Z,23620450452
8667.086795,8693.118803,8667.086795,8687.243043,2019-11-14T00:00:00Z,20643637512
8807.624209,8880.283489,8807.624209,8880.283489,2019-11-13T00:00:00Z,18920055207
8810.462078,8810.462078,8788.44941,8788.44941,2019-11-12T00:00:00Z,20056279881
8722.422077,8893.41444,8722.422077,8893.41444,2019-11-11T00:00:00Z,21516137806
9030.262889,9030.262889,8968.206967,8968.206967,2019-11-10T00:00:00Z,20078522581
8829.25083,8860.077548,8829.25083,8835.162621,2019-11-09T00:00:00Z,18775040746
8794.562555,9143.122401,8794.562555,9143.122401,2019-11-08T00:00:00Z,24311358708
9216.465653,9216.465653,9181.983476,9181.983476,2019-11-07T00:00:00Z,23324029341
9345.739701,9404.271639,9345.739701,9393.161642,2019-11-06T00:00:00Z,23939540221
9317.660952,9477.380461,9317.660952,9477.380461,2019-11-05T00:00:00Z,26218099970
9402.149112,9402.149112,9330.168832,9341.630351,2019-11-04T00:00:00Z,23783654599
9218.930037,9261.182176,9218.930037,9261.182176,2019-11-03T00:00:00Z,19858634894
9316.032895,9330.979331,9276.564248,9276.564248,2019-11-02T00:00:00Z,21171511237
9263.456792,9273.003087,9207.730928,9207.730928,2019-11-01T00:00:00Z,24632547654
9181.570362,9208.374946,9148.283784,9148.283784,2019-10-31T00:00:00Z,25421144979
9165.121864,9224.046997,9152.355685,9224.046997,2019-10-30T00:00:00Z,26575404456
9447.302716,9516.362806,9447.302716,9498.286921,2019-10-29T00:00:00Z,28164953660
9234.995829,9518.04726,9234.995829,9474.230987,2019-10-28T00:00:00Z,32667338829
9527.650214,9567.797211,9328.089796,9328.089796,2019-10-27T00:00:00Z,32385103724
9231.514867,9658.823917,8610.88601,8610.88601,2019-10-26T00:00:00Z,45682330157
8647.623834,8647.623834,7900.223621,7900.223621,2019-10-25T00:00:00Z,26630205213
7441.216441,7524.640957,7441.216441,7472.306863,2019-10-24T00:00:00Z,15770506690
7521.716439,7809.811461,7521.716439,7809.811461,2019-10-23T00:00:00Z,19446873311
8073.940294,8150.275162,8073.940294,8149.956671,2019-10-22T00:00:00Z,14838416498
8234.878372,8257.913036,8183.879744,8183.879744,2019-10-21T00:00:00Z,13954016839
8230.450236,8230.450236,8072.428725,8072.428725,2019-10-20T00:00:00Z,12743552963
7970.107778,7987.678907,7935.930649,7935.930649,2019-10-19T00:00:00Z,11256202584
7964.763808,7978.40157,7959.670045,7959.670045,2019-10-18T00:00:00Z,13341171546
8072.151659,8084.933913,8072.151659,8081.138335,2019-10-17T00:00:00Z,12425114205
8005.522475,8009.307973,8005.522475,8009.307973,2019-10-16T00:00:00Z,14493502198
8174.828071,8216.894856,8174.828071,8192.070601,2019-10-15T00:00:00Z,12998436212
8364.549423,8466.154064,8364.549423,8461.952601,2019-10-14T00:00:00Z,13302168782
8297.963522,8357.314621,8297.963522,8349.545434,2019-10-13T00:00:00Z,11847921979
8299.454647,8385.120053,8229.720854,8229.720854,2019-10-12T00:00:00Z,12895853964
8264.302649,8310.48713,8264.302649,8285.702821,2019-10-11T00:00:00Z,16955680080
8569.154689,8783.946156,8552.560108,8552.560108,2019-10-10T00:00:00Z,16249774816
8596.421801,8596.421801,8520.975456,8528.612314,2019-10-09T00:00:00Z,18286507804
8167.284739,8225.771603,8167.284739,8213.301156,2019-10-08T00:00:00Z,13171258119
8211.197554,8224.787783,8107.465727,8123.806626,2019-10-07T00:00:00Z,15217893117
7890.019339,8002.355916,7890.019339,8002.355916,2019-10-06T00:00:00Z,11074249477
8095.633405,8138.913528,8095.633405,8137.494179,2019-10-05T00:00:00Z,10449134942
8127.231447,8239.649544,8127.231447,8239.649544,2019-10-04T00:00:00Z,12026280240
8241.45999,8453.982713,8236.136255,8236.136255,2019-10-03T00:00:00Z,12280900589
8408.61809,8453.186882,8408.61809,8453.186882,2019-10-02T00:00:00Z,11628745986
8315.543806,8315.543806,8210.158968,8210.158968,2019-10-01T00:00:00Z,13615517818
8333.634684,8351.287037,8141.377,8321.518518,2019-09-30T00:00:00Z,15985780189
8065.813341,8095.158222,8065.813341,8093.344807,2019-09-29T00:00:00Z,12583884052
8232.447678,8232.447678,8205.715638,8205.715638,2019-09-28T00:00:00Z,13251026970
8216.691889,8335.22217,8216.691889,8325.322213,2019-09-27T00:00:00Z,16118746962
8092.991441,8367.974837,8051.837926,8367.974837,2019-09-26T00:00:00Z,17305578830
8474.784436,8612.713663,8474.784436,8612.713663,2019-09-25T00:00:00Z,19950270331
8528.385722,9082.845913,8360.142715,9044.808805,2019-09-24T00:00:00Z,20371337416
9668.923868,9740.130201,9668.923868,9740.130201,2019-09-23T00:00:00Z,13132566244
10027.16492,10103.29717,9839.426458,9839.426458,2019-09-22T00:00:00Z,11476991344
9972.920199,10074.31047,9972.920199,10074.31047,2019-09-21T00:00:00Z,10509371984
10181.64997,10313.66194,10181.64997,10184.07644,2019-09-20T00:00:00Z,13892358378
10277.0095,10453.79319,10277.0095,10453.79319,2019-09-19T00:00:00Z,18643735495
10133.56077,10374.9169,10133.56077,10374.9169,2019-09-18T00:00:00Z,14622423077
10240.27834,10720.79715,10240.27834,10719.74529,2019-09-17T00:00:00Z,13029950835
10328.57608,10637.20565,10328.57608,10637.20565,2019-09-16T00:00:00Z,13447834095
10328.33457,10469.69713,10328.33457,10428.77146,2019-09-15T00:00:00Z,10626595441
10390.42963,10688.95906,10390.42963,10688.95906,2019-09-14T00:00:00Z,12152779603
10372.82576,10441.1005,10243.90108,10441.1005,2019-09-13T00:00:00Z,12620338929
10421.77762,10421.77762,10250.31119,10250.31119,2019-09-12T00:00:00Z,14429427255
10169.63534,10169.63534,10073.14146,10073.14146,2019-09-11T00:00:00Z,13905298550
10123.92522,10282.77147,10123.92522,10282.77147,2019-09-10T00:00:00Z,12698306335
10306.59535,10374.70756,10306.59535,10374.70756,2019-09-09T00:00:00Z,15165804249
10420.61589,10679.85166,10420.61589,10679.85166,2019-09-08T00:00:00Z,12205183516
10540.32027,10836.72774,10540.32027,10765.45796,2019-09-07T00:00:00Z,14827988576
10330.51585,10572.64251,10330.51585,10449.98155,2019-09-06T00:00:00Z,16630330931
10590.63402,10653.80282,10514.00482,10514.00482,2019-09-05T00:00:00Z,13053864642
10538.70131,10553.63289,10467.62409,10492.14247,2019-09-04T00:00:00Z,14422657742
10608.96861,10608.96861,10363.74321,10363.74321,2019-09-03T00:00:00Z,17532229059
10364.23685,10364.23685,9944.328405,9944.328405,2019-09-02T00:00:00Z,15149870173
9749.875152,9749.875152,9610.946479,9610.946479,2019-09-01T00:00:00Z,9809879937
9637.808312,9761.508666,9637.808312,9720.928653,2019-08-31T00:00:00Z,10092483654
9595.053696,9595.053696,9496.259873,9496.259873,2019-08-30T00:00:00Z,12283059097
9506.15403,9582.513069,9506.15403,9582.513069,2019-08-29T00:00:00Z,16049457904
9703.841934,9909.105013,9703.841934,9846.247313,2019-08-28T00:00:00Z,14380942671
10160.39537,10310.49851,10160.39537,10310.49851,2019-08-27T00:00:00Z,13829850481
10357.31,10387.41487,10173.34806,10173.34806,2019-08-26T00:00:00Z,16418245565
10120.33942,10120.33942,10022.41836,10022.41836,2019-08-25T00:00:00Z,12752741803
10148.47979,10301.44827,10129.05817,10301.44827,2019-08-24T00:00:00Z,13836473225
